ProductId,CurrentStock,StockValue,AverageAgeDays
5030328,2,1438.50,3529
jetvacstarterhosewhite,-1,0.00,0
5014066,2,9.80,2693
phosphate starver x 1,-3,0.00,0
5002032,2,13.50,3158
5003053a,2,85.80,2085
wpqpc7002,162,1713.36,1881
5003047,15,191.25,3149
clean cell plus 1l,-1,0.00,0
booster pump,-23,0.00,0
meriton no foam 500mls,-15,0.00,0
5016081a,2,144.00,2133
5016653,1,20.88,2174
5011051a,1,48.00,2017
stabilised chlorine 2kg,-2324,0.00,0
stabilised chlorine 1kg,-285,0.00,0
5005032,2,26.60,3515
water cc75 insert cartridge,-6,0.00,0
magnordeluxepoolbrush,-17,0.00,0
pump basket - hurlcon,-1,0.00,0
lubricant,-17,0.00,0
5007298,1,105.00,2710
5003044a,2,7.30,2653
5003344a,-2,0.00,0
5002030a,4,24.00,2892
pump repair 300,-29,0.00,0
pump repair 200,-4,0.00,0
pump repair 500,-3,0.00,0
pump repair 400,-7,0.00,0
5003017,13,22.50,3479
5003117,18,792.00,3429
5007209c,-3,0.00,0
calstop,-12,0.00,0
5030097,9,344.47,3287
5030197,4,86.10,3525
5030297,19,763.25,3539
5010196i,2,57.00,2724
pool pro starver 1l,-4752,0.00,0
cartridgelid,-4,0.00,0
jetvac body,-2,0.00,0
rc9 full service,-26,0.00,0
wpqlga1,133,4425.31,3193
5030900a,4,100.90,2366
pump repair 150,-14,0.00,0
pump repair 350,-48,0.00,0
pump repair 250,-35,0.00,0
pump repair 550,-1,0.00,0
pump repair 450,-8,0.00,0
pump repair 750,-1,0.00,0
pumpbasketwatercoaquastream,-2,0.00,0
returnable drums,180,1820.00,3576
polaris 280 with suction tyres,-3,0.00,0
exitmould,-1,0.00,0
extraworks,-7,0.00,0
skimmerbasketparamount,-11,0.00,0
powerpack,-3,0.00,0
wishbone clip,-4,0.00,0
rp9 replacement cell,-1,0.00,0
5003050b,1,15.15,2601
intellivalve valve actuator,-1,0.00,0
no.3 acid demand 30ml (12),20,39.00,2245
5014039b,1,282.00,1931
polaris positrax tyre,4,127.08,1047
5222220,2,6.10,2998
polaris wall connector,-1,0.00,0
5008020,10,101.50,3287
5050010h,39,78.00,3269
polarisuwfconnassy,-112,0.00,0
no.4 chl neutl 15ml (12),20,35.00,2245
pool pro enviro-clean 1l,-31,0.00,0
w7230211,-2,0.00,0
21905,1,334.90,1649
5002034,6,79.30,2261
5003055a,3,178.50,2236
polaris 3900 suction tyre,-11,0.00,0
5003349,8,128.00,3490
d10 dual pump 60rpm,-7,0.00,0
lubricant 25g,-5,0.00,0
a0166100pk,3,67.81,3192
5003038c,2,23.00,3101
bromine tablets 1kg,-170,0.00,0
magna minerals 10kg,-1359,0.00,0
magnesium 10kg,-308,0.00,0
ducati capacitor 25uf,-32,0.00,0
[chem] dynachlor tabs 2kg,-1,0.00,0
5030266,5,10.50,1958
5030320,1,7.50,2756
5005034,2,17.20,3158
[part] wishbone clip,-3,0.00,0
solar sensor,-6,0.00,0
w7230224,-13,0.00,0
20907,1,399.30,2484
5030113a,35,1353.60,3343
hydroststicvalvecover - shallo,-2,0.00,0
5003019,496,964.99,3533
5003319,-725,0.00,0
5008027,8,75.80,3539
metal solution/stain remover,-10,0.00,0
salt cell - qt300 plug in,-6,0.00,0
3009ag,6,103.18,1982
ljv019,-4,0.00,0
5005001h,12,498.05,3455
pool blue spiraflex hose 15m,5,297.50,2251
5050063,1,195.00,2533
meriton sparkle pills 125g,-13,0.00,0
5040311a,1,397.00,3073
enviroswim copper ioniser rods,-4,0.00,0
5003321b,46,828.00,2629
5030136,1,270.00,2664
pumplidhurlcon,-1,0.00,0
wpqb02,387,4835.61,3277
5004007a,3,950.00,2953
5014008b,1,511.00,1974
fx 250 pump 1hp,-1,0.00,0
5003358a,1,490.00,2748
connect 10 solar controller,-1,0.00,0
5017525d,1,22.05,2298
5005002c,6,203.40,2372
telescopic pool pole 8-16' - lincoln,-1,0.00,0
5010299,1,14.00,2135
5030851g,7,118.10,2869
skimmer basket - sk900/950 heavy duty,-2,0.00,0
sparklepill,-2862,0.00,0
polaris wheel washer,-2,0.00,0
5201305,2,44.80,2877
astralpool eq25,-8,0.00,0
glass media coarse,3,56.70,3347
astral equilibrium,-1,0.00,0
5003042,5,82.50,3089
5003142,3,94.86,3241
5003342,24,720.00,3339
return eyeball (concrete) - 40,-2,0.00,0
ljv049,-19,0.00,0
5018002,1,28.00,3245
saltchlorinator,-2,0.00,0
5008099,2,58.80,3224
com shock n swim 500g,-1,0.00,0
hayward ii super pump 1.5hp,-2,0.00,0
5005001c,60,2303.50,3393
rc9 5/5 chlorinator orp ph con,-11,0.00,0
5070016,1,82.30,2998
[part] jetvac wall adaptor,-1,0.00,0
5040009a,1,140.00,3157
5050130,3,102.15,3281
waterco air injector,-2,0.00,0
boosterpump,-20,0.00,0
5017533,1,465.00,2231
wnrx retrofit led pool light,-7,0.00,0
ozone teflon tubing (1.5m),-1,0.00,0
roof sensor,-2,0.00,0
5030019a,1,64.50,3073
com chlorine 15l,-542,0.00,0
1 non return valve,-113,0.00,0
pump capacitor,-65,0.00,0
5003340d,7,13.30,2578
epoxy,-3,0.00,0
w7230219,-1,0.00,0
5050302,2,1480.50,3429
5005097n,4,12.40,2629
siesta liquid chlorine feeder,-4,0.00,0
5010152,1,8.90,3245
5019018,1,47.60,2161
pool prowinteriseralgaecide,-201,0.00,0
scoopnet,-138,0.00,0
5002032a,5,17.80,3351
autocleanerweights,-5,0.00,0
5050010ab,-4,0.00,0
pool pro starver 2.5l,-1,0.00,0
5016082,2,150.60,3245
wpqst2,297,6592.72,2804
5030069,4,47.40,2248
5030269,12,165.16,2377
wpqdo1,157,1947.05,3298
5016003t,3,1255.00,2296
filtercleaner&degreaser,-19,0.00,0
5030095,76,1346.85,3479
5030195,3,10.40,3120
5030295,6,311.10,3317
cc50 cartridge filter insert,-14,0.00,0
jetvac wall fitting complete,-29,0.00,0
5014065,1,4.90,2597
5034177,4,306.50,2356
[part] jandy valve - check valve 50mm,-1,0.00,0
w7640025,1,47.54,3212
buffer 4kg,-539,0.00,0
1282,19207,9043.44,3178
aquaboostvolute,-4,0.00,0
no more ducks 5l,-34,0.00,0
5003050a,10,99.25,3306
ljv065,-5,0.00,0
buffer 25kg,-23,0.00,0
5003344,8,384.00,1805
5003037c,2,8.60,2692
5014039c,6,2200.00,2710
wpqbo2,56,608.56,2259
5030239,2,92.38,2601
jetvac swivel,-2,0.00,0
5030697u,1,120.00,2356
5007048c,3,846.00,2847
w7230210,-28,0.00,0
5003014,28,553.00,3456
electricallead,-2,0.00,0
5008162b,1,17.80,3298
8 bags of sand,-85,0.00,0
5008022,4,50.00,3277
chemigem multi electoe bayonet,-20,0.00,0
5014105b,1,292.80,2323
electronic timer,-1,0.00,0
cartridge lid,-1,0.00,0
5007135a,1,23.65,2573
eco clear minerals 15kg,219,6528.25,1870
5016057,1,120.00,1925
rc9intelligentprprobe,-59,0.00,0
miraclear clarifier 1l,-61,0.00,0
5005070,2,32.10,2377
5005036,3,9.90,3492
w7230204,-31,0.00,0
spajetcovers,-7,0.00,0
hydrostorm 150 filter pump,-22,0.00,0
aquaquipevo2whiteledpoollightb,-20,0.00,0
5003255,54,936.90,3533
multiportvalve40mm,-3,0.00,0
[part] jetvac fine debris bag,-1,0.00,0
5008021,15,150.00,3393
5050179,2,848.05,3373
roboticpoolcleaner,-11,0.00,0
skimmer basket - waterco nally,-1,0.00,0
leafcannisterwaterco,-2,0.00,0
leaf bagger large,2,88.00,4053
5030434,1,36.30,2735
5030734,4,111.20,2566
buffer 4kg clearchem alkalinity increaser,-3,0.00,0
tay no.4 ph indicator 60ml,1,14.10,2973
com alkalinity incraser 4kg,-13,0.00,0
w7230308,-102,0.00,0
acid 5l,-160,0.00,0
jandy valve actuator,-13,0.00,0
jetvacwallfittingcomplete,-22,0.00,0
astral s20 cleaner,-2,0.00,0
5008133,13,364.00,3214
waterco 1200w spa blower,-1,0.00,0
aquaboostcarryhandle,-1,0.00,0
5017027d,1,29.90,2232
5016654,1,115.00,2174
5070013,1,57.85,3058
5050709,1,283.00,2177
viron 283 heat pump,-4,0.00,0
calciumhardnessreducer,-51,0.00,0
programme connect 10,-2,0.00,0
20906,2,262.20,2933
leak detection,-23,0.00,0
ui board pcb user,-21,0.00,0
skimmer basket - waterco,-1,0.00,0
hydrostaticvalvecover- deepwhi,-3,0.00,0
5003358,2,1022.75,2748
mdc304,-2,0.00,0
wpqsc2,692,12959.68,3298
ljv104,-1,0.00,0
bwt pk turbo battery vac,-7,0.00,0
reltech 1.5hp pump,-17,0.00,0
polaris float head,0,0.00,0
5003026b,12,154.20,2295
pool pro4in1ultraclear,-548,0.00,0
3 meters of feed tube,-48,0.00,0
pol3900 superbag,2,57.70,3403
4-8ft handle, alum pole,1,12.90,3576
525147,1,222.25,1642
polaris 3900 gear box assembly,-16,0.00,0
poolheater,-2,0.00,0
5008036,3,66.02,2878
5008136,13,312.00,3072
viron eq35 cell,-6,0.00,0
acid,-11088,0.00,0
thepoolcleanertyres-white,-4,0.00,0
polarisspareparts,-18,0.00,0
multi colour evo fg led light,-2,0.00,0
5030062,11,262.90,2479
w7230307,3,748.54,2604
5030701b,1,1260.00,2876
skimmerbasket,-79,0.00,0
waterwitch solenoids,-10,0.00,0
5005097a,369,416.30,3182
polaris spare parts,-1,0.00,0
5003143,10,62.50,3525
5003132c,5,62.50,3241
5005005h,1,39.70,2304
polaris 280 cleaner,-4,0.00,0
pool proaquaguard,-274,0.00,0
5003025b,15,403.50,3373
5003325b,150,1079.05,2224
polaris 280 f5,5,3157.77,3061
5002008a,1,13.05,2898
5003082a,2,255.00,2295
com granualar chlorine 2kg,-7,0.00,0
jandycheckvalve50mm,-44,0.00,0
5008135,4,178.60,2878
5003013,2,21.80,2458
5050065g,1,17.50,2224
hosecuff38mm,-7,0.00,0
5005079,23,277.25,3472
w197411,2,532.94,2693
siteconsultation/meeting,-7,0.00,0
pool proshocknswim,-251,0.00,0
5003180,4,27.50,2409
5003052a,4,142.80,2366
w4320000b,2,929.34,3061
5003346,37,540.00,3484
20kg enhance trade pool salt,38303,18849.68,2682
stabiliserremover,-1,0.00,0
5050001,4,2752.00,2601
5050101,3,1901.25,3514
saltperbag,-28603,0.00,0
polaris float,-14,0.00,0
lo chlorl900blackspotremover,-202,0.00,0
depthmarkers,-22,0.00,0
5005098j,2,15.40,2847
5008138,54,1174.15,3539
5003050,1,16.95,2878
5003250,3995,34660.90,3546
5003350,1584,5662.30,3546
5003316,9,131.60,2979
hosecuff32mm,-4,0.00,0
5017537,1,497.45,2716
additional time,-738,0.00,0
polaris screen in line filter,-7,0.00,0
5034176,4,42.80,1978
wpqaps1,203,2669.98,3298
double solenoid valve kit,-1,0.00,0
wc decklid,-8,0.00,0
5005099a,111,488.40,3416
5003076c,1,18.90,2366
jetvacbottomplate,-1,0.00,0
chlorine15l,-19638,0.00,0
5005098aa,6,23.70,3214
5010012a,12,202.20,3306
reltech 0.75hp pump,0,0.00,0
aquaboostflexiplumbkit,-6,0.00,0
meriton aquaspa anti-foam,-3,0.00,0
mx6/mx8 global hose length 1m,4,62.50,1280
5008040a,6,75.00,2682
5030038,1,37.40,3073
skimmer basket,-102,0.00,0
meriton starver m 1l,-30,0.00,0
meriton starver x 1l,-75,0.00,0
5017201,2,936.00,2816
hydrochloric acid 15l,19,317.30,1253
5005032b,2,33.00,2143
wc000081,4,87.00,3267
pb450 volute plate,-10,0.00,0
mx8 tune up kit,-9,0.00,0
buffer,-18900,0.00,0
aquaboostmechanicalseal,-1,0.00,0
astral salt cell 6 series,-2,0.00,0
rolachemsupplytube20m,-4,0.00,0
5002036a,1,90.65,2601
nally h/duty sk basket,2,18.80,1274
5030217a,5,2525.00,3455
5003106c,5,28.05,3281
jetvac uwf connector assembly,-20,0.00,0
5010014h,3,190.50,2086
wishboneclip,-174,0.00,0
5005061b,1,8.75,3049
expan plug 48-62mm tapered,2,16.00,3427
5010020,1,31.50,3430
5005002,6,133.40,3492
chlorinetablet,-394,0.00,0
5003054a,2,103.00,2236
wpqcp2,148,1273.29,3242
zodiac flopro 1.5hp pump,-1,0.00,0
5016084a,1,12.00,2377
aquaboost seal plate,-2,0.00,0
meriton buffer 4kg,-2215,0.00,0
5010195,1,407.00,3245
5030067,1,46.35,2003
5030267,27,1209.90,3164
5017006,1,29.70,2236
5010014wb,2,5.30,2255
ctx 280 high performance pump,-1,0.00,0
5050083a,1,39.20,2231
stabiised chlorine tablets 1kg,-45,0.00,0
chlorinator - mount on wall,-2,0.00,0
vacuumplate,-4,0.00,0
5002035a,1,12.20,2248
5008060,2,25.80,2864
5008160,1,43.50,2070
5030210a,1,25.00,2318
5003038f,216,1753.70,3522
5050178,5,1675.00,2328
5016620,1,15.00,2846
waterco 4 lug vac plate,-5,0.00,0
plumbingmaterials,-273,0.00,0
zodiacspareparts,-6,0.00,0
calcium block 5l (4),8,232.00,1352
jandy valve 3 way 50mm (12),2,79.00,2251
5005001,21,485.10,3298
squeezetube,-238,0.00,0
5005097aa,6,18.00,3182
5008130,3,72.00,2633
5005022a,1,41.50,2840
skimmerbasketpoolrites1800,-15,0.00,0
5030060,33,478.80,3525
pool pro algaecide 500ml,-111,0.00,0
pvc elbow,-162,0.00,0
splashme v2 auto controller,-1,0.00,0
return eyeball - waterco 40mm,-63,0.00,0
wr0520800,3,18.93,2634
w7230323,-17,0.00,0
salt cell,-10,0.00,0
[part] the pool cleaner hose n,-18,0.00,0
5003025a,15,141.75,2988
5003325a,951,6895.65,3546
5003358d,1,133.60,1757
5003059,8,68.00,3407
pumpbasket,-15,0.00,0
w250881,1,712.29,2513
5030176,18,555.20,3269
5030276,44,435.40,3539
5030376,-6,0.00,0
expan plug 20-34mm tapered,1,6.90,3427
5220574,2,27.55,3182
pressuregaugebackmount,-76,0.00,0
5030630,3,286.30,2750
vacuumhosesmall,-4,0.00,0
skimmersocks,-193,0.00,0
pumpbaskethayward,-4,0.00,0
site visit - new pool,-35,0.00,0
wpqalk2,2614,12917.68,3407
5016027e,10,189.00,3331
poolsafetysign,-129,0.00,0
splashme v2 expeander,-2,0.00,0
sm600 filter 40mm,-2,0.00,0
5008037,8,207.36,3512
5008137,9,226.65,3298
5005021a,1,42.90,2840
eq gold tip sensor kit,-1,0.00,0
5017208,1,729.00,2177
waterco s602 filter,-42,0.00,0
w7230317,-23,0.00,0
aquaboostbasecomplete,-3,0.00,0
skimmerbasketgeneric,-12,0.00,0
evo2 led blue conversion kit,2,393.30,1239
5030900b,1,45.10,1835
tri crossover chlorinator,-1,0.00,0
5003082,1,124.00,2452
5017549a,14,4454.00,3520
5005001f,13,509.50,3455
glass media fine,4,75.60,3347
w7230209,-15,0.00,0
5030273,10,248.60,3520
5005005b,12,327.50,3298
5050003,3,1035.00,2601
meriton acid 5l,-363,0.00,0
polaris tyre max trax,-27,0.00,0
meriton ultra kleer plus 1l,-10,0.00,0
hour outdoor electrical timer,-3,0.00,0
5222199,1,16.70,2846
miraclear clarifier cube 35g,-746,0.00,0
5009049b,2,150.50,2143
5003352,42,201.60,3490
acid squeeze tube,-57,0.00,0
5003030f,2,44.00,2578
5034148,1,53.00,3417
5019088,5,202.40,2786
5050715,32,791.10,2398
spa sanitiser plus 1kg,-1,0.00,0
depth marker 1.5m,3,17.82,1187
pumplid,-6,0.00,0
5003081,1,118.00,2328
5003181,25,195.10,3281
vacuumplate-waterco,-6,0.00,0
5008104,1,35.00,2188
polaristyres,-61,0.00,0
wpqscale5,94,3371.90,3298
poolfiltermultiportgasket,-1,0.00,0
5050100,5,1611.00,3371
5010192,9,115.30,3373
chlorinedrumopener,-1,0.00,0
teflontape,-1,0.00,0
5008039,6,136.50,2920
5008139,4,144.25,2995
5005098d,9,12.60,3214
5003100c,33,231.00,3158
wpqult1,204,1798.20,3498
[part] aquaboost pvc fitting kit,-1,0.00,0
filteraid&metalremover,-1,0.00,0
5050312,3,870.00,2288
5050010b,1,18.00,2993
magnesium 25kg,-1,0.00,0
5030329d,1,220.00,2107
polaris 360 lge,-15,0.00,0
vapure 15amp chlorinator,-1,0.00,0
wasg006,-1,0.00,0
rolachemnorprenetube,-6,0.00,0
5003077c,6,138.00,2288
5003177c,3,503.70,3152
telescopic pole camset,-3,0.00,0
5030851h,3,52.70,2869
w/co 65/50 half union block,-2,0.00,0
repairs,-18,0.00,0
5030179,29,606.65,3525
5030279,9,8.55,2926
503400a,4,13.20,1842
5030265,14,55.30,2689
5030465,9,544.96,3058
leakdetection,-19,0.00,0
reltech 1.25hp pump,-1,0.00,0
meriton calcium 4kg,-215,0.00,0
viron connect 10,-5,0.00,0
5003320a,5,65.90,3193
5050081e,1,120.70,3193
5008062,4,152.00,2843
c50 leaf trapper filter,-1,0.00,0
stabiliser remover,-1,0.00,0
5030109,10,116.82,2846
5030209,2,153.80,2452
zodiac global hose length,-2,0.00,0
5030435,1,3.90,2573
5005003,1,28.70,2188
doubleadaptor,-3,0.00,0
volt fx8 pool & spa vacuum,1,295.00,1257
wm44 - rp 9,3,1791.00,2276
service fee,-2734,0.00,0
5008132,1,47.50,2085
5009047,17,198.90,3277
aquaboostnutvolute,-2,0.00,0
pumpbasketsupatuf,-2,0.00,0
polaris drive shaft assembly,-3,0.00,0
5017205,3,1575.00,2236
5005076,3,24.15,2945
5002040,2,41.00,2954
w7230303,-17,0.00,0
5003327a,40,400.00,2049
oring,-73,0.00,0
5008139ab,1,24.55,2661
salt & pepper spray white,-14,0.00,0
astral e230 solar pump,-6,0.00,0
5018001c,114,1339.50,3484
5016061,4,9.00,2231
5005093a,3,429.90,2748
5016027,88,1036.00,3158
wf000001,38,540.91,3206
5005097m,6,17.80,3270
5002034s50,5,396.75,1974
5030474,7,276.50,2556
eq full service,-7,0.00,0
ascon mv3 multi vaktrol,-3,0.00,0
w7230104,-5,0.00,0
w7230316,-3,0.00,0
waterco hydrostorm 100 pump,-17,0.00,0
5003025,3,45.00,3193
5003325,72,1035.80,2846
5008173,1,31.50,3317
zodiac tri electrode compact,-2,0.00,0
jetvac wheel kit,-3,0.00,0
acid 15l,-1365,0.00,0
zodiacglobalhoselength,-29,0.00,0
5030104,25,384.55,2792
5030604,1,7.20,1952
vx6/e25 cell,-4,0.00,0
5005010,5,50.00,3142
chemicaltesting,-10,0.00,0
astral vx chlorinator,-84,0.00,0
double set of solenoids,-22,0.00,0
skimmerbasketsk900hd,-22,0.00,0
pol 280 cleaner,1,680.00,1023
5008078ba,1,129.95,1847
ww000140,1,514.17,2623
polaris back up jet,-1,0.00,0
5040304,2,8154.00,3073
[chem] salt cell protector plus 5l,-1,0.00,0
5016124,3,390.00,3029
5008155a,1,58.00,1842
5050019,2,31.60,3514
5003030e,27,418.50,3317
magnor algae brush s/s 9",-3,0.00,0
w7230213,-1,0.00,0
pump basket,-4,0.00,0
5003328,-2,0.00,0
aquaboostboltoring,-5,0.00,0
pumpcapacitor,-36,0.00,0
5005097d,24,84.00,3455
expansionplug40mm,-8,0.00,0
5009049,1,38.00,2998
5017049,1,275.00,3033
apc rubber elbow 90o,1,6.00,3567
cpmisc,1,12.00,1580
5030001,18,1984.02,3441
5030301,2,29.20,3347
25 inch sand filter,-12,0.00,0
w7230238,-4,0.00,0
jetvacsweephosecomplete,-6,0.00,0
ww000003,3,2314.06,2780
jetvacwalladaptor,-5,0.00,0
5003183,33,415.80,3287
spydergasketwaterco50mm,-3,0.00,0
5005095a,-3,0.00,0
11201,-98,0.00,0
5030172,4,2810.00,2389
5030272,4,24.00,3287
5003002ab,1,160.00,3303
handover kit - 9m,-5,0.00,0
skimtrol poolrite vac plate,-2,0.00,0
maytronics mineral salts 10kg,-134,0.00,0
hose cuff l/h 38mm,1,1.90,3576
telescopicpolelincoln,-35,0.00,0
vacuumplate-quiptron,-1,0.00,0
wpqdpd1,7,495.32,1827
5050010c,24,53.60,3373
rp9 chlorinator,-72,0.00,0
waterco air switch,-2,0.00,0
5003353,2,22.00,1971
5003177b,1,189.00,2693
5030202,3,205.45,3281
5050714,43,892.40,3232
com starver m 20l,-5,0.00,0
polaris 280 adjustment screw,-3,0.00,0
pentair silentflo 1100 pump,-4,0.00,0
5003192a,13,208.00,3305
w7220000p,-4,0.00,0
saltcell - ez300 plug in,-1,0.00,0
pool pro cleancellplus5l,-8,0.00,0
5007041p,8,1588.00,3287
5005098a,249,435.75,3033
ctx pump basket,-275,0.00,0
magnesium 15kg,-248,0.00,0
labour charge,-85,0.00,0
5005049,8,10.40,3492
wp000071,3,1179.37,2954
5017002,1,280.00,3477
reltec 1hp pump,-17,0.00,0
service call,-2824,0.00,0
5060001,14,1274.55,3472
5003022a,2653,1061.20,3522
5005099d,96,366.12,3158
cartridge filter,-1,0.00,0
calciumhardnessincreaser,-1884,0.00,0
5003301c,2,19.90,3287
astral eq45 with ph control,-1,0.00,0
5003038b,13,142.75,3129
5050311,2,550.00,2591
5014041,5,667.50,3287
5010014zc,12,74.20,2693
pool promiraclearclarifier,-3011,0.00,0
5003020,224,391.30,3522
5003120,18,104.40,3498
5003320,30,791.47,1992
astral salt water chlorinator,-4,0.00,0
w7230302,-14,0.00,0
5030178,2,97.40,2452
5030378,8,118.00,2939
5017241,3,1896.00,3427
5017541,6,1715.00,3373
wpqsa25,1,22.41,3498
zodiac ax20 cleaner,-4,0.00,0
5017007,1,4.30,2366
zodiac tri electrode large,-4,0.00,0
30011,2,3003.89,2902
vacuumhoselarge,-5,0.00,0
polarishoseconnector,-5,0.00,0
ltp750 pump 1.0hp,1,285.00,3547
5003021a,18,599.99,3373
5003321a,119,2244.70,3407
jetvacbearings,-27,0.00,0
jetvacspareparts,-16,0.00,0
install automatic actuators,-1,0.00,0
5220642,2,8.80,2197
5004005,5,49.00,2384
5003062eee,1,4.85,2174
5009153,1,49.50,2598
chlorinedrum 60l,-63,0.00,0
vacuumplate-paramount,-1,0.00,0
5017274,3,55.35,2587
5030108,21,110.95,3317
5030208,5,307.77,2920
filtersand,-319,0.00,0
5005002b,5,143.75,2316
rubbishremoval,-85,0.00,0
w7230243,2,68.40,2594
www000020,4,3397.00,3306
5003327,3842,38787.23,3546
wc000005,966,39467.07,3267
s602 filter 50mm,-9,0.00,0
wr000175,1,813.49,1845
pool pro maxiflocplus,-89,0.00,0
aquaquip retrolight white,-18,0.00,0
premium granular chlorine 2kg,-237,0.00,0
5017046,10,3990.00,3520
raypack 430 heater,-2,0.00,0
5017204,4,1880.00,2328
aquaquipevo2blueledpoollight-,-2,0.00,0
[part] skimmerbasket - waterco,-1,0.00,0
aquaboostimpellor,-1,0.00,0
hose 9m blue spiraflex,-3,0.00,0
ljv046,-35,0.00,0
kneaditaquaepoxy,-3,0.00,0
sparkle pill (per pill),-1,0.00,0
wpqlpc15,8030,83980.07,3498
[chem] dynachlor granules 1kg,-1,0.00,0
5016060,4,15.40,2231
5040306,1,5556.00,3073
paramount vac plate,1,30.10,1203
5004008,5,259.88,3407
wpq0012,1,9.99,2583
5009156,1,87.00,2104
evo2 retro fit light,-9,0.00,0
zodiacskirt,-1,0.00,0
520139,1,37.47,2918
two non return valves,-5,0.00,0
5005041,2,31.30,2939
5007046b,7,791.00,3151
ljv053,-3,0.00,0
hour hose tap timer,-2,0.00,0
5-1 shock treat 1kg gran(6),12,126.00,2966
5009145b,7,245.00,3504
pool prochlorineremover,-733,0.00,0
5003030b,6,105.40,3456
5030107,3,199.23,3347
5030307,1,7.25,3142
5030193a,11,64.35,3262
waterco supatuff 150 pump,-7,0.00,0
skimmer basket - generic,-3,0.00,0
watercohydrostaticvalvewhite,-1,0.00,0
tilecleaningpole,-6,0.00,0
hose length,-47,0.00,0
15205,2,123.12,3232
5005032a,31,379.74,3373
5050018,1,40.50,3306
meriton chlorine 15l,-2400,0.00,0
5030270,3,39.90,3072
5014048,1,275.00,2177
5003031e,1,13.20,2298
wpqst1,42,426.48,2804
return eyeball - waterco 50mm,-11,0.00,0
chemigem lcd screen,-12,0.00,0
w7230223,-1,0.00,0
tune up kit,-2,0.00,0
waterco vps75 vac plate,-3,0.00,0
pool magic dry acid tableat,-3,0.00,0
multi stain remover 1kg,-8,0.00,0
magnesium chloride,-28,0.00,0
stabilised chlorine 500g,-183,0.00,0
5005061a,1,12.50,2840
5330002,4,200.55,3245
5030900,1,450.00,3372
5030100,41,4740.74,3430
aquaquipboosterpumpflexiplumb,-17,0.00,0
vac head,-40,0.00,0
siesta semi auto chl feeder,-7,0.00,0
5050010f,42,546.00,3317
5009147ba,1,5.40,2601
eraseitcalciumremover,-7,0.00,0
5009158,1,40.50,2170
skimmer sock,-1058,0.00,0
15200,-3,0.00,0
poolrite vacuum plate,-1,0.00,0
5005085,2,185.16,2980
5003002aa,3,391.50,2939
5003301b,1,10.00,3228
5030243,5,36.25,3331
pentair max e pro 930 pump,-2,0.00,0
heavy duty skimmer basket,-18,0.00,0
pool proalgaecide,-1673,0.00,0
5009159b,1,27.45,2678
5007200,1,27.60,1842
5019032d,3,175.80,2366
zodiaclockincollar,-1,0.00,0
rc9 rolachem,-11,0.00,0
5017043,2,680.00,3352
5030113,1,21.60,2939
thermometer,-11,0.00,0
tabletholder,-1,0.00,0
5017525b,1,21.50,2298
stainlesssteelhoseclamp40mm,-3,0.00,0
5030851e,3,97.50,2682
5004007,4,1250.00,3214
5050010,5,1257.02,2842
5050110,1,460.00,3392
tile & viny cleaner,-24,0.00,0
5010162,5,32.40,2359
5017213,1,58.30,2939
5014040,2,334.00,3306
5005097i,1,2.75,2231
78575,1,4964.61,1761
5002042a,2,35.90,2892
703002,1,16.18,2553
watermaid rp7 chlorinator,-35,0.00,0
5003021,242,423.20,3522
spin disc (per disc),-2698,0.00,0
connect internet gateway,-3,0.00,0
wpqsc1,12,95.52,3298
delivery,21,435.01,3403
additional labour 15min,-204,0.00,0
w202061,1,289.73,2817
[chem] lo chlor l900 black spot remover 1kg,-3,0.00,0
5005001e,20,764.99,3241
5003047c,2,25.50,1825
poolpump,-4,0.00,0
capacitor 25 w. 2 leads,1,24.15,2245
5009150,1,58.00,2452
pump head face plate blue,-5,0.00,0
525146,1,246.98,1642
5030275,79,2338.30,3525
5017410,1,558.15,2286
rp7 replacement electrode,-3,0.00,0
mdx leaf canister,-9,0.00,0
mineral salts 15kg,-9,0.00,0
polarisbag,-227,0.00,0
5003324,2,35.70,3099
[part] jandy valve - 2 way 50mm,-1,0.00,0
5030701c,1,1395.00,2099
5003317c,7,182.00,3164
haywardleafcannisterlarge,-6,0.00,0
autovac hose 12m,1,50.00,4053
5017051a,23,9660.00,2594
5017045,12,4500.00,3388
5017245,2,1020.00,2100
wpqcr500,10,98.90,3298
main drain cover,-10,0.00,0
36519265,-4,0.00,0
naked mineral chlorinator,-3,0.00,0
wpqnc1,12,118.08,2433
spin discs 801 box (100 discs),-10,0.00,0
[part] jetvac tune up kit,-1,0.00,0
5010014p,6,24.60,2951
commercialclarifierpremiumplus,-1,0.00,0
5004009,1,64.75,3245
[part] skimmer basket - generic,-1,0.00,0
w70281c,1,61.23,1628
5005080,15,274.05,3029
5010001,27,278.99,3490
5003065,13,877.50,3485
5003037a,9,12.60,2724
handover kit 9m spiraflex,-1,0.00,0
5030002c,3,114.00,2254
pump lid,-1,0.00,0
outdoorelectricaltimer24hour,-68,0.00,0
5030244,10,319.66,3520
5005050,6,8.40,3492
labour charges,-192,0.00,0
pool rebalance up to 60,000l (excl. minerals/salt),-1,0.00,0
pool pro tile & vinyl cleaner,-232,0.00,0
5005016,1,2.60,2146
5030851s,25,1986.70,2631
plumbing materials,-3,0.00,0
s600 filter 40mm,-13,0.00,0
5008043,1,43.80,2223
polaris 280 large wheel,-42,0.00,0
5040202,1,377.00,3158
polaris wheel bearings,-16,0.00,0
jetvacfeedhosedarkblue,-3,0.00,0
chemigem d21,-6,0.00,0
isolation valve,-1,0.00,0
jandyvalve2way50mm,-34,0.00,0
r0617100,1,51.83,2877
[chem] chlorine tablet,-3,0.00,0
5010006,1,18.50,2294
5010306,2,17.00,2323
5030114,19,246.40,3157
5010020v,3,108.00,3240
waterco s600 multiport valve,-5,0.00,0
5002057,10,90.20,2663
5007214m,4,154.80,2298
5030022a,3,202.35,3522
nally vac plate p1106,2,56.00,3576
bags of sand,-1,0.00,0
5008013,4,39.60,3430
polaris 280 thrust jet kit,-2,0.00,0
5030241,6,693.59,2939
pp granular floc 2kg,-7,0.00,0
5017043e,2,78.00,2998
quiptron sk basket,1,10.14,3315
5003038,54,607.50,3441
5003338,21,609.00,3490
expan plug 34-48mm tapered,2,14.20,3427
50033342c,3,74.55,1854
expansionplug50mm,-1,0.00,0
5007302,5,130.50,2756
5003077e,15,297.46,2986
wsand,52,772.48,3280
aquea main drain complete,-1,0.00,0
5030211,1,26.05,3133
polaris booster pump,-11,0.00,0
ladder w tread & stainless rod,-5,0.00,0
meriton tile & vinyl cleaner,-10,0.00,0
5018001d,1,174.00,2486
5017027b,1,26.25,2177
wf000002,10,132.70,3206
5008016,2,9.40,3431
5003342c,18,447.30,1855
5007303a,3,74.40,2756
meriton shock n swim 500g,-1,0.00,0
w7230107,-2,0.00,0
jetvac fine debris bag with l/ring,-1,0.00,0
5003007e,2,39.90,2653
chlorine tablet,-7,0.00,0
5003323,7,63.00,2176
stabiliser 2kg,-313,0.00,0
5007101,1,15.00,1842
5007301,3,9.00,2756
5005089,1,48.65,2062
pool magic clarifier rrm 15l,-2,0.00,0
pumpbasketdavey,-2,0.00,0
ndc35 digital chlorinator,-9,0.00,0
waterco s800,-1,0.00,0
w197441,4,1621.79,2716
5017042,4,1160.00,3388
5017542,2,603.00,2953
perox ph control 15ltr,-24,0.00,0
5030628a,2,189.00,2652
5005063i,2,44.00,2288
meriton sunscreen 2kg,-46,0.00,0
com granualar chlorine 10kg,-6,0.00,0
global hose,-18,0.00,0
wr0520500,3,145.87,2634
w197431,7,2496.95,2694
5005097c,143,185.90,3142
5011051,1,46.00,2077
50010012f,1,99.25,2846
5003326,3875,38073.47,3546
5007204,18,3402.00,3477
5007304,3,20.40,2756
w7230322,1,32.58,3212
magnesiumchloride,-27,0.00,0
ww000004,5,4066.39,3164
5017247,3,1650.00,2864
5005062m,3,36.00,2452
5003062na,2,10.40,1898
meriton acid 15l,-1084,0.00,0
chemigem venturi injector,-2,0.00,0
vacuumplate-sk900,-2,0.00,0
5008018,42,369.60,3539
polaris 280 sweep hose complete,-1,0.00,0
5003030,7,139.30,2594
5003330,3,31.20,2049
w88010705,4,1705.54,3280
[service] rubbish removal,-1,0.00,0
chemigem injection elbow,-9,0.00,0
5009051,1,20.70,2725
5220627,2,110.00,2693
5017251,2,780.00,2363
5017551,30,12080.00,3305
reltech 25 amp chlorinator,-20,0.00,0
sp71410,-4,0.00,0
5017217,1,45.20,2359
5010297a,1,275.00,1813
5003073a,5,7.90,3241
chlorine remover 500gm,-8,0.00,0
5010014zd,1,4.45,3227
x40 robot cleaner,-6,0.00,0
reltech 35 amp chlorinator,-11,0.00,0
waterco s702 sand filter,-30,0.00,0
ww000074,1,763.00,2503
mx8 global quik hose connector,0,0.00,0
5030618,7,126.40,3239
5050166a,1,463.90,1951
5003003a,233,1398.00,3456
5003037,5,8.00,3245
5030116c,7,269.70,3182
vacuumhosemedium,-8,0.00,0
wp000072,6,2492.00,3094
5016003,1,370.00,3331
5003319b,1,19.50,3490
blue metal,-4,0.00,0
5003321ab,12,174.00,1847
5005099c,151,1285.20,3373
5001074o,1,21.75,3239
jandyvalve2way40mm,-115,0.00,0
back up valve case,-4,0.00,0
rolachemnonreturnvalve,-122,0.00,0
baker hydro sk basket,1,9.65,3567
sp sm chlorinator user pcb,1,249.82,1551
p/r clark wa vac plate,2,25.00,3576
capacitor 25uf 400v,7,147.00,3547
barracudachamber,-1,0.00,0
meriton miraclear clarifier 1l,-9,0.00,0
[part] skimmer basket - nally fulflo,-1,0.00,0
5030247,19,317.20,3431
polaris tail sweep pro,-61,0.00,0
h block,-3,0.00,0
skimmerweir,-9,0.00,0
supplies,-44,0.00,0
aquaquipevo2housing,-1,0.00,0
w88010105,5,1807.59,3206
5008140,4,35.20,2930
pump repair 180,-5,0.00,0
5016100,2,27.50,1946
5008131a,4,196.30,2754
5003342b,106,2546.55,3539
aquabooststainlessteelclamp,-1,0.00,0
5201396,1,317.00,2262
taptimer2hour,-159,0.00,0
polarisaxle,-25,0.00,0
5003321aa,22,231.00,2988
5030317,2,39.44,3269
5030617,1,36.05,2756
5030063a,1,8.40,2358
dry acid,-31,0.00,0
[part] 24 hour outdoor electrical timer,-1,0.00,0
5050033a,20,1097.46,3352
5003358c,1,175.00,2678
pool rebalance,-1,0.00,0
zodiacflowcontroller,-9,0.00,0
pool pro cleancellplus,-39,0.00,0
stabiliser 25kg,5,419.00,2017
5005002a,2,66.90,2365
5030240,1,19.20,1985
polaris bag,-8,0.00,0
12907,1,476.71,1552
a0164500,3,79.86,2832
wc000006,391,5333.95,3498
feed tube per 1m / 5mm,-165,0.00,0
w70667,1,88.58,2832
5003005a,7,108.50,3303
leaf rake scoop,-147,0.00,0
5003038d,6,81.00,2724
pool pump,-1,0.00,0
aquaboostpvcfittingkit,-2,0.00,0
wpqclear24,968,6562.91,3498
sk900 vac plate,-3,0.00,0
5220628,3,19.50,2998
chemigem d21p dual pump,-2,0.00,0
calcium hardness increaser 4kg,-6455,0.00,0
5003041b,1,10.50,3061
5030256,6,105.94,2912
wc000005a,101,2240.00,2743
5201395,1,275.00,2267
vacuum plate,-8,0.00,0
aquaboost impellor o ring,-1,0.00,0
twister power steering,-1,0.00,0
silicone,-10,0.00,0
spaelectricledlight,-9,0.00,0
211-33,-14,0.00,0
ljv010,-5,0.00,0
5012025a,3,26.20,2817
5005001a,8,193.20,3534
5030283,5,4.75,3347
5019032c,2,105.10,2233
5005095,2,24.00,2437
aquaquip booster pump,-76,0.00,0
5004006,6,68.40,3317
capacitor 20uf 440v,3,63.00,2245
drum deposit,14917,152125.21,1445
5008184,1,22.75,2562
5007340,1,11.10,3306
5007212a,2,450.00,2115
5007306,3,10.80,2756
5007506,1,621.31,1842
calcium hardness increaser 2kg,-106,0.00,0
astral 50mm pump union,-20,0.00,0
5030853,3,24.75,2652
5030053,1,7.80,2994
wr000202,1,1544.44,1761
aquajoy rp cell 20amp,-8,0.00,0
wp1019000,-1,0.00,0
wr0462200,2,558.89,2296
chlorine liquid 15l,-457,0.00,0
5003132,4,84.60,3281
5007210,9,2245.00,3023
5005098,11,36.25,3014
w7430231,-2,0.00,0
5017553,6,4523.75,2451
scoop net,-8,0.00,0
spiraflex hose & swivel cuff,-1,0.00,0
5011050,2,26.00,2598
5007205,4,756.00,2318
meriton stabiliser 2kg,-3,0.00,0
phosphate starver m 1l,-235,0.00,0
5005005d,1,47.30,2587
pool brush,-25,0.00,0
14801,1,2999.14,2373
aquaboostwhiteflexihose,-4,0.00,0
aquaboostspareparts,-1,0.00,0
5005028,18,10.80,3079
waterco 50 micron filter bag,-3,0.00,0
zodiac tri mid cell & housing,-3,0.00,0
5030697w,2,115.00,2606
mag chloride 25kg,1,30.00,3403
5008019,4,85.00,3228
5003030d,4,14.75,3149
5010011f,2,33.40,2653
wpqupr1,854,10932.80,3298
13803,3,2630.58,2377
premium strength clarifier 20l,-7,0.00,0
polaris back up valve,-33,0.00,0
infloor brains valve module,-11,0.00,0
5013072,1,16.35,2170
5017050,2,598.50,3410
5017250,2,770.00,2359
5017550,25,8335.00,3515
w88010608,2,901.88,3029
5002050d,5,65.00,2994
5003064,2,108.00,3427
waterco sweepmaster 1.5hp pump,-3,0.00,0
5016081c,1,37.20,2606
waterco air button,-1,0.00,0
18" broom magnor, nylon (12),1,12.75,2973
5008063a,2,56.00,3114
start-up chem up to 60,000l,-2,0.00,0
50010014u,2,18.10,3164
w7230206,-20,0.00,0
5010026a,6,55.20,2366
5010198h,1,26.55,1946
pump basketpoolritesupaflo,-3,0.00,0
21915,-1,0.00,0
5003134,24,173.25,3343
hydrostorm 200 pump,-16,0.00,0
polaris bottom,-2,0.00,0
5008142,10,38.50,2930
magnorleafrake,-85,0.00,0
pumpbaskethurlcon,-4,0.00,0
pvc pipe 1mtr,-112,0.00,0
5005063d,2,26.90,2939
78568,1,2511.60,1805
5017555,5,105.19,3058
rp11 replacement electrode,-1,0.00,0
520113,12,226.14,2931
drum tap,-53,0.00,0
pool pro solar shield 1l,-2,0.00,0
r0829100,1,191.34,1643
polarishoseswivel,-151,0.00,0
5030115,1,11.75,2939
qtron sk900 deck lid,1,47.30,350
nofoam500ml,-10,0.00,0
5035002,2,590.00,2077
cartidgefilterelement,-33,0.00,0
wpq4001,433,5247.36,3498
5016077,16,96.80,2846
5008012,1,30.00,3043
5030184,2,20.90,3442
5030284,11,564.45,3407
5014094,1,185.00,3347
salt 20kg (per bag),-958,0.00,0
aquacheck testing strips,-5,0.00,0
jandy ch/valve 50mm (12),1,40.70,2878
5003075,3,66.00,3101
5034000ca,1,13.70,1952
5008141,2,75.66,3371
wr000087,2,3088.88,2721
cyanuric acid test kit 8oz,2,49.70,4053
meriton chlorine remover 500g,-60,0.00,0
skimmerbasketwaterco,-57,0.00,0
poolfilter,-1,0.00,0
5030854,4,1300.45,2294
5005020,25,562.65,3472
returnable drums - acid black,21,210.00,1253
5008019g,1,20.00,2786
telescopicpolemagnor,-28,0.00,0
gas loop,-28,0.00,0
sweep hose,1,36.97,2452
5008153,2,48.40,1961
return eyeball (f/glass) - 40m,-1,0.00,0
525145,1,259.90,1520
ljv0484p,-6,0.00,0
5050329,1,820.00,2496
5005097,18,30.40,3084
5003340e,1,6.00,2633
w0446700,2,22.26,2842
12906,1,390.80,1614
kreepykrawlyspareparts,-2,0.00,0
5003078,121,133.10,3490
5003178,129,4078.80,2993
commercial anti foam 5l,-2,0.00,0
5008186,1,36.45,2288
w88060101,1,173.44,2835
rc9intelligentorpprobe,-67,0.00,0
pool pro starver x 1,-1430,0.00,0
onga pump,-4,0.00,0
magna flo 25 inch side mount,-3,0.00,0
w7610000,-26,0.00,0
5016604,1,300.00,1848
com tile & vinyl cleaner 5l,-5,0.00,0
5030851,4,1177.15,3511
5030451,62,2032.60,3373
wr0520700,4,195.46,2842
5003079a,1,3.70,3079
5003308,2,23.00,2358
5003062ccc,10,48.50,3014
cartridgefilter,-12,0.00,0
5007043a,1,61.28,1842
polaris inline filterinternal,-12,0.00,0
5016079f,1,12.75,2939
ljv020,-12,0.00,0
com acid 5l,-5,0.00,0
5007212,1,310.00,3332
5030182,26,486.80,2846
supply&installation,-102,0.00,0
polaris hose swivel,-63,0.00,0
5003047e,25,207.00,3543
pumpbasketquiptron,-3,0.00,0
wpqbo1,752,5097.16,3403
15359,1,3519.60,1670
buffer 2kg,-5875,0.00,0
[chem] calcium hardness increaser 2kg,-5,0.00,0
5007048ab,1,225.50,2598
5030852,8,100.00,3158
5030052,1,71.65,2653
5050024,1,20.50,2842
polaris pressure relief valve,-1,0.00,0
wc000134,108,1500.00,2860
stainlesssteelhoseclamp25mm,-4,0.00,0
[part] 2 hour hose tap timer,-1,0.00,0
5007046a,5,325.66,3016
wpqd025,1,3260.98,2280
5002050e,4,72.00,2493
ljv050,-49,0.00,0
buffer 10kg,-4,0.00,0
5007211,13,3165.00,3430
5005099,186,571.50,3455
pool pro stain&scaledefence,-47,0.00,0
5030216g,2,112.10,3332
waterco hair & lint lid oring,-3,0.00,0
5017552,5,2413.00,3033
jetvacfinedebrisbag,-67,0.00,0
[service] service call,-1,0.00,0
pool pro solar shield 1ltr,-3,0.00,0
vacuumplate-poolrite,-4,0.00,0
pumpbasketonga,-3,0.00,0
connect 10 controller,-2,0.00,0
5007044,1,251.00,1924
5010012c,30,527.50,3306
hoselength,-39,0.00,0
wpqfo2,60,322.60,2433
w88010105a,2,765.96,2899
rubbish removal,-2,0.00,0
czdep10,8556,93176.00,3498
wtdphur2,12,62.40,3498
5050010a,21,286.65,3306
service call - labour,-2,0.00,0
5003002a,94,1357.95,3522
5003302a,7,65.00,3442
5016118,2,19.20,2171
w7230222,-63,0.00,0
pool protropiclearalgaecide,-17,0.00,0
capacitor 30uf 440v,11,245.85,471
drainswimmingpool,-2,0.00,0
jetvacfeedhoselightblue,-3,0.00,0
labour,-220,0.00,0
5017027e,6,144.90,3344
5005098c,86,150.50,3182
polaris leaf bag,-17,0.00,0
5003071a,12,17.60,3407
5003300,176,2270.40,3442
w7230102,-8,0.00,0
dyna clarifying tab,-68,0.00,0
5017421,1,9.00,2154
pressuregaugesidemount,-153,0.00,0
5010467a,1,9.00,3306
solar shield 1l,-13,0.00,0
5003343a,1,8.00,3079
5003076d,2,37.00,2155
5003077,24,658.18,3407
5003177,33,6332.80,3525
wp91008024,-1,0.00,0
diaphragm,-19,0.00,0
pool pro miraclear algaecide 1l,-1,0.00,0
[part] aquaboost flexi plumbing kit,-1,0.00,0
rebel turbine kit,-6,0.00,0
jetvac nose wheel,-1,0.00,0
fortnightlypoolservice,-11,0.00,0
70570,1,14.60,2484
5005022,1,23.05,2840
5005122,4,30.00,3152
5014026,1,27.85,3227
5003174a,18,45.00,3298
5003307,3,43.50,3193
dual pump maintenance kit,-28,0.00,0
5017026,11,231.00,3520
5003062bb,2,9.10,2923
5030216ga,5,32.75,2786
5222240,2,19.90,2552
5003346a,34,948.60,3158
5003075d,1,13.60,2305
5030530a,1,1296.00,2259
followuppoolservice,-68,0.00,0
rp150 replacement cell,-2,0.00,0
salt meter pen,4,704.50,4053
rebel pool cleaner,-2,0.00,0
5005002d,3,121.50,2363
5030257,12,32.62,3539
50010014n,2,10.40,2951
5005021,4,56.80,2840
5002034aw,5,58.95,2988
5003316a,4,115.80,2611
skimmerbasketsk900,-16,0.00,0
jandyvalve3way40mm,-30,0.00,0
com  magnesium minerals 10kg,-17,0.00,0
5012032,1,9.50,2298
5010020i,4,144.00,2846
viron p320 pump,-23,0.00,0
5010015,1,8.80,2846
chlorine & acid squeeze tubes,-22,0.00,0
5003345a,-1,0.00,0
5003178d,8,89.60,3091
5003079,1,5.00,3182
5008187,8,164.00,2601
5017473b,1,52.70,2154
viron 45g cell,-3,0.00,0
bio-clenz,-7,0.00,0
supply & installation,-2,0.00,0
pumprental,-1,0.00,0
jandycheckvalve40mm,-38,0.00,0
electrode,-11,0.00,0
polaris 360 all purpose bag,-2,0.00,0
5030096,8,96.10,3141
5030196,10,33.90,3339
5030296,10,543.00,3317
5005001d,15,592.50,3305
booster pump hose connection,-2,0.00,0
tile & vinyl cleaner,-11,0.00,0
5005098k,1,7.70,1782
5004013,2,24.00,2351
5201376,1,599.00,2998
21907,1,446.71,1614
rebel tune up kit,-57,0.00,0
metal handle leaf rake (12),1,15.00,273
5003015a,20,290.00,3442
p/store vacuum plate,2,69.40,3576
davey sll lid,-2,0.00,0
feed tube per 1m / 6mm,-167,0.00,0
5007313,1,295.00,2601
5050093,6,175.80,2231
5030026,2,16.60,2594
cl12 internal pipe joiner 50mm,2,15.40,393
5003134l,32,88.00,2846
stabiliser 2kg - balance protect uv,-1,0.00,0
magnapool pool minerals,110,3788.80,2134
5009138,13,385.50,3317
5030193,20,71.00,3442
5030293,4,5.80,3539
viron p520 xt vs pump,-9,0.00,0
70382,2,777.99,2553
5201375,4,1635.00,2816
dema semi auto chlorinator,-1,0.00,0
leafcannisterstandard,-2,0.00,0
5003172,2,7.40,2932
5005098b,52,124.00,3033
jandy valve - 2 way 40mm,-3,0.00,0
jandy valve - 2 way 50mm,-1,0.00,0
dynachlortabs,-3,0.00,0
5030023,2,34.20,3073
5030323,3,8.40,2328
hw super ii pump lid,1,73.58,228
thepoolcleanertyres-blue,-8,0.00,0
chlorinator - plumb in tees,-2,0.00,0
5050010d,4,4.60,2328
[service] labour per hour,-5,0.00,0
5010162d,2,12.60,2682
polarisbackupjet,-22,0.00,0
aquaboostmotor,-1,0.00,0
auto top up,-1,0.00,0
zx250 cartridge,-2,0.00,0
lo chor l900 black spot remover 1kg,-5,0.00,0
5007145,1,27.80,3306
5003002,95,995.20,3442
5003102,2,1.50,3287
5050020,11,269.00,3373
rebel cleaner,-6,0.00,0
jetvac sweep hose complete,-1,0.00,0
5003038g,6,90.00,3101
5009158a,1,33.30,2170
turbine bearing,-5,0.00,0
monthlypoolservice,-3,0.00,0
5008059,1,14.00,1898
5006002,27,229.00,3421
maytronics mineral salts 15kg,-54,0.00,0
5010020w,2,72.00,2952
hydrochloric acid 5l,44,316.80,3576
pentair intelliflo vsf2 pump,-4,0.00,0
waterco weir door,-11,0.00,0
cellhousing,-3,0.00,0
plug in timer,-133,0.00,0
liquid stabiliser,-26,0.00,0
jetvac timer,-4,0.00,0
algae brush 10"ss bristle (12),1,16.95,2973
aquamatics ioniser mk5,-1,0.00,0
therachlor smc25 cell,-1,0.00,0
5003301,11,264.00,3344
503085k,1,16.25,2318
5003321f,20,630.00,3305
g2suctioncleaner,-8,0.00,0
r0735500,2,8.95,2619
polaris 360 swivel,-16,0.00,0
5030099,1,256.00,3484
5030199,4,175.50,3525
aciddrum 60l,-26,0.00,0
r0825800,1,701.94,2308
aquaquipevo2multiledpoollight-,-2,0.00,0
5003358e,6,285.54,2817
5030285,9,292.50,3214
non return valve,-4,0.00,0
stabiliser,-5922,0.00,0
5014003i,2,33.30,3287
skimmerbasketnallyfulflo,-7,0.00,0
salt cell protector 1kg,-22,0.00,0
rp9 replacement electrode,-1,0.00,0
stabilsed chlorine tablets 2kg,-117,0.00,0
5006001,1,6.90,2420
5003077d,1,35.00,3277
5003174,23,57.50,3089
weeklypoolservice,-2,0.00,0
wpq7002,12,214.44,2176
5016042,1,1.95,2023
13804,1,1045.33,1729
skimmerbasketwaterconally,-22,0.00,0
5030329,12,1958.12,3287
waterco 24 inch filter,-1,0.00,0
paramount ultra uv steriliser,-1,0.00,0
jetvac cleaner,-18,0.00,0
5017027a,12,268.20,3421
5016027d,7,132.30,3331
servicecall,-67,0.00,0
5005097k,35,42.00,3472
5030055,1,42.20,2889
5030255,8,185.60,2808
5030699cg,2,96.00,2356
5005123,3,36.60,2994
as1051320,1,25.76,2378
thepoolcleanerleaderhose,-3,0.00,0
w/co mpv handle 40mm,1,28.50,2981
pool safety sign/cpr chart,-4,0.00,0
astral qb6000 robot cleaner,-7,0.00,0
meriton pool pro enviro-clean,-3,0.00,0
hydrochloric acid 5l - new (4),223,1855.65,1477
skimmerplate,-5,0.00,0
5003004,6,40.50,3228
[part] the pool cleaner leader hose,-1,0.00,0
5005097ma,3,36.84,2998
5030699t,2,618.00,2253
wpqbt1,12,217.68,2433
aquatherapy mineral salts 10kg,-40,0.00,0
10030,1,402.72,1800
5034160,1,120.00,1770
reltec 2hr pump,-6,0.00,0
jandyvalve3way50mm,-22,0.00,0
5005001g,23,869.40,3317
saltcell,-13,0.00,0
ljv068,-7,0.00,0
5008181,1,38.55,3113
ww000019,10,7349.80,3283
5017047o,1,18.50,2989
no1stainremover,-2,0.00,0
525140,2,520.19,2931
5030094,73,353.82,3407
5030194,3,38.40,2994
5005003d,2,35.20,2878
5005020b,6,27.00,1918
chemigen liquid chlorine & ph feeder dual pump,-2,0.00,0
supatuf 100 pump,-3,0.00,0
ws000077,1,463.09,1554
paramount vacuum plate,1,22.70,49
pentair racer cleaner bag,-1,0.00,0
5010020l,1,36.00,2511
5005026,1,11.50,2591
skimmerbasketemaux,-1,0.00,0
jetvacmeshbag,-35,0.00,0
pool promultistainremover1kg,-214,0.00,0
brushes for wave 75 dolphin,-4,0.00,0
5030001a,2,68.00,2939
5010014aa,1,77.20,2177
5005097b,112,117.60,3142
viron eq 25 chlorinator,-2,0.00,0
5014034,2,594.00,3427
flo pro 1.5hp pump,-2,0.00,0
polaris 280 sweep hose scrubber,-1,0.00,0
saltcellprotectorplus,-26,0.00,0
wpqla5,2079,18642.66,3498
data cable,-3,0.00,0
pumplidastrallringoring,-2,0.00,0
5008023,5,47.00,3431
astralctxspareparts,-54,0.00,0
5030091,10,53.00,3306
5030191,67,163.57,3525
5030291,2,8.70,2808
5050167,1,420.00,1986
chemigem pump rotor,-9,0.00,0
w7230245,-631,0.00,0
5005067,8,55.60,3158
filter box,-10,0.00,0
v45 electrode,-2,0.00,0
skimmer weir,-1,0.00,0
dynachlorgranules,-11,0.00,0
d10 chemigem probe,-12,0.00,0
5003050e,3,36.00,3441
5010012g,25,185.45,2998
w7230201,-33,0.00,0
5201377,2,950.00,2358
5003348,153,910.35,3079
p'rite vac plate s1800,3,105.00,3576
5030102a,2,70.90,2444
meriton alk increaser 4kg,-430,0.00,0
5050010e,3,3.45,2328
5220639,11,251.90,3158
5030021,6,296.65,3522
5030321,2,36.00,2756
5030421,1,57.50,2678
5030621,1,36.05,2756
poolbrush,-123,0.00,0
5005037,8,76.55,3492
5014039,2,300.00,3429
5019047,1,45.55,2286
5010014n,1,5.20,2356
5051000,1,1950.00,2093
non-metalalgaecide,-243,0.00,0
wtdalkr2,126,500.76,3158
5003018,296,576.41,3522
5003318,667,7558.20,3477
polariswheelbearings,-203,0.00,0
5008026,2,30.00,3429
5030192,108,621.50,3525
5030292,8,23.40,3539
5050064,1,224.15,2877
5017239,7,4165.00,3416
w7230231,-11,0.00,0
magnesium 20kg,-10,0.00,0
pressure gauge - side mount,-1,0.00,0
fortnightlypoolservice*,-3,0.00,0
5003319a,6,114.00,2920
spindisc,-91598,0.00,0
quiptron vac plate,-3,0.00,0
service,-464,0.00,0
5030322,3,1732.50,2863
w80116,1,88.98,2933
[part] plumbing materials,-1,0.00,0
5019044,1,63.20,2305
pool promiraclearalgaecide,-942,0.00,0
skimmerbasketpoolrites2500,-46,0.00,0
safety suction cover,-57,0.00,0
5008025,2,42.00,2208
5006002a,-1,0.00,0
d10 chlorinator,-3,0.00,0
aquaquip flow control pro (plu,-56,0.00,0
tap for drum,-9,0.00,0
5005069,1,10.00,2507
r0863600,0,0.00,0
suctioncover,-25,0.00,0
w69731,1,5.07,2663
5014097,1,460.00,2267
couriercharge,-13,0.00,0
5008098,4,43.25,2814
5030008a,3,59.20,3522
polaris 360 wheel & bearing,-1,0.00,0
multiportvalve,-20,0.00,0
ljv018,-5,0.00,0
5003042a,2,29.00,2673
5006003,24,192.00,3421
5003076,4,92.85,3343
sk950 vac plate,4,86.60,3576
[chem] bromine tablets 1kg,-3,0.00,0
w7230105,-19,0.00,0
astral e140 pump,-3,0.00,0
5003358b,2,1150.00,2682
5003062ddd,10,48.50,3287
shock 'n' swim 5kg,-14,0.00,0
quiptron vacuum plate,1,18.50,49
6 meters of feed tube,-33,0.00,0
tapping band,-2,0.00,0
poolservice,-5,0.00,0
wc127,2,757.19,2933
czdep20,7,473.52,2234
20m cable,-3,0.00,0
hydroststicvalve50mm,-2,0.00,0
5008154g,1,20.00,1756
back up valve kit,1,102.50,2308
5003340,6,28.80,3058
5010030a,18,203.40,2481
w69721c,1,19.50,2723
wpqll1,326,3553.80,3193
5014016a,2,361.20,3407
5030298,31,698.80,3429
com chlorine remover 500g,-20,0.00,0
pool prooxyshock,-5,0.00,0
w7220000,-71,0.00,0
com bio klenz 20l,-5,0.00,0
5017027,42,861.00,3344
5017527,1,30.40,3431
5019019,1,58.55,1869
aquaquipretrofiteyeballadaptor,-2,0.00,0
polarisfitting,-18,0.00,0
thepoolcleanerspareparts,-2,0.00,0
